{"label":0.0,"job_title":"data analyst","probability":{"type":1,"values":[1.0,3.372255281097971E-33,3.6825771037517806E-28,3.7900311515868634E-22]}}
{"label":0.0,"job_title":"data analyst","probability":{"type":1,"values":[2.969722879612591E-9,3.0088529482037353E-52,1.4306292603178944E-37,0.9999999970302771]}}
{"label":0.0,"job_title":"data analyst","probability":{"type":1,"values":[0.9989779702493838,1.7769515904764606E-26,0.0010220297505758032,4.0268566061059873E-14]}}
{"label":0.0,"job_title":"data analyst","probability":{"type":1,"values":[0.9989779702493838,1.7769515904764606E-26,0.0010220297505758032,4.0268566061059873E-14]}}
{"label":0.0,"job_title":"data analyst","probability":{"type":1,"values":[8.203384419553893E-38,5.285365275817849E-17,6.053174546776634E-40,1.0]}}
{"label":0.0,"job_title":"data analyst","probability":{"type":1,"values":[0.999035312073475,1.2194312459282966E-27,4.189951195596063E-26,9.646879265251714E-4]}}
{"label":0.0,"job_title":"data analyst","probability":{"type":1,"values":[0.9999999999999958,2.2726977569502474E-62,2.2057389829229887E-19,4.209209606041046E-15]}}
{"label":0.0,"job_title":"data analyst","probability":{"type":1,"values":[1.132703460615135E-16,0.9999999999951625,4.438861371524068E-24,4.837237340867708E-12]}}
{"label":0.0,"job_title":"data analyst","probability":{"type":1,"values":[1.464549731673977E-25,8.753483888349257E-20,2.564218893983312E-41,1.0]}}
{"label":0.0,"job_title":"data analyst","probability":{"type":1,"values":[2.4145390341050613E-13,1.6112482335150927E-19,7.39666384590228E-35,0.9999999999997586]}}
{"label":0.0,"job_title":"data analyst","probability":{"type":1,"values":[0.999999999999996,1.779979238593175E-34,3.886270453178746E-15,1.775653554019339E-37]}}
{"label":0.0,"job_title":"data analyst","probability":{"type":1,"values":[0.9999998623945549,3.551898283419509E-21,1.3760544518369584E-7,5.508247318895474E-21]}}
{"label":0.0,"job_title":"data analyst","probability":{"type":1,"values":[0.9999998623945549,3.551898283419509E-21,1.3760544518369584E-7,5.508247318895474E-21]}}
{"label":0.0,"job_title":"data analyst","probability":{"type":1,"values":[0.9336294347619732,1.2281656111037587E-42,0.06637056523802679,3.4690690277091926E-26]}}
{"label":0.0,"job_title":"data analyst","probability":{"type":1,"values":[3.123835986946424E-9,6.550123877881639E-10,0.9999999962151791,5.9724951311739475E-12]}}
{"label":0.0,"job_title":"data analyst","probability":{"type":1,"values":[1.0,5.009587624741817E-46,8.158510374326743E-19,8.523398992169666E-45]}}
{"label":3.0,"job_title":"data scientist","probability":{"type":1,"values":[1.7183131873626507E-53,1.1047713400759882E-61,2.5548946600885916E-60,1.0]}}
{"label":3.0,"job_title":"data scientist","probability":{"type":1,"values":[5.880277325583542E-97,3.0023291004804073E-109,2.3603383401759936E-116,1.0]}}
{"label":3.0,"job_title":"data scientist","probability":{"type":1,"values":[3.8458710824297636E-90,4.9977546908585646E-70,7.467183761014655E-87,1.0]}}
{"label":3.0,"job_title":"data scientist","probability":{"type":1,"values":[2.4791278046792818E-64,1.502049594489091E-78,6.713848522819178E-94,1.0]}}
{"label":3.0,"job_title":"data scientist","probability":{"type":1,"values":[1.3561347701327219E-9,4.170159262391674E-10,2.275779471704667E-30,0.9999999982268493]}}
{"label":3.0,"job_title":"data scientist","probability":{"type":1,"values":[3.0719650841855697E-13,9.626416634839547E-20,4.043373766352116E-21,0.9999999999996929]}}
{"label":3.0,"job_title":"data scientist","probability":{"type":1,"values":[2.0445514643895072E-32,4.9126320621749836E-82,2.7837166280714843E-90,1.0]}}
{"label":3.0,"job_title":"data scientist","probability":{"type":1,"values":[4.069457482017111E-24,2.522807177626572E-18,7.704668051656544E-37,1.0]}}
{"label":3.0,"job_title":"data scientist","probability":{"type":1,"values":[5.557338021463735E-81,2.213506038154422E-96,4.2349783787086324E-100,1.0]}}
{"label":3.0,"job_title":"data scientist","probability":{"type":1,"values":[1.7512434419616584E-12,2.5496945034034493E-31,6.230399993425441E-27,0.9999999999982487]}}
{"label":3.0,"job_title":"data scientist","probability":{"type":1,"values":[5.631094918042741E-32,2.8854479069415507E-51,2.028995864087204E-59,1.0]}}
{"label":3.0,"job_title":"data scientist","probability":{"type":1,"values":[2.253330195836441E-154,5.519788367111686E-115,3.4739986889130412E-161,1.0]}}
{"label":3.0,"job_title":"data scientist","probability":{"type":1,"values":[1.9018970631723278E-53,1.0,8.651545377925329E-56,2.5855227734063853E-43]}}
{"label":3.0,"job_title":"data scientist","probability":{"type":1,"values":[7.312404762417143E-13,2.1354426118269236E-27,3.03306789002059E-24,0.9999999999992688]}}
{"label":3.0,"job_title":"data scientist","probability":{"type":1,"values":[7.312404762417143E-13,2.1354426118269236E-27,3.03306789002059E-24,0.9999999999992688]}}
{"label":1.0,"job_title":"software engineer","probability":{"type":1,"values":[5.476370846736206E-41,1.0,1.0721280710750347E-44,1.181436971067707E-37]}}
{"label":1.0,"job_title":"software engineer","probability":{"type":1,"values":[2.9411724461463453E-188,1.0,6.087100362877289E-169,4.132920190065065E-173]}}
{"label":1.0,"job_title":"software engineer","probability":{"type":1,"values":[5.802381496960884E-11,0.99657759071004,0.003421612007467951,7.972244684202225E-7]}}
{"label":1.0,"job_title":"software engineer","probability":{"type":1,"values":[4.971746650294281E-65,1.0,6.546328326266945E-53,3.5054845844673145E-32]}}
{"label":1.0,"job_title":"software engineer","probability":{"type":1,"values":[2.424813722784543E-64,0.9999999999683977,1.8985319664536996E-51,3.1602321381811993E-11]}}
{"label":1.0,"job_title":"software engineer","probability":{"type":1,"values":[2.036840313530847E-118,1.0,2.5941598945850966E-97,4.103505882067704E-120]}}
{"label":1.0,"job_title":"software engineer","probability":{"type":1,"values":[5.258659411737029E-24,0.9999999999943883,4.5021386961048494E-12,1.10951510098139E-12]}}
{"label":1.0,"job_title":"software engineer","probability":{"type":1,"values":[9.387868718166013E-9,0.16160165792746645,2.996798694450751E-16,0.8383983326846645]}}
{"label":1.0,"job_title":"software engineer","probability":{"type":1,"values":[5.278089591819833E-190,1.0,1.8970123674368564E-168,1.0320872308322812E-146]}}
{"label":1.0,"job_title":"software engineer","probability":{"type":1,"values":[5.3433533860074444E-86,1.0,8.11317740093233E-64,7.319464040433148E-85]}}
{"label":1.0,"job_title":"software engineer","probability":{"type":1,"values":[3.425290693443407E-53,1.0,5.626397358633164E-24,5.872578807274798E-50]}}
{"label":1.0,"job_title":"software engineer","probability":{"type":1,"values":[1.9898001758306334E-74,1.0,2.4987760870701405E-53,1.2994313115899633E-45]}}
{"label":1.0,"job_title":"software engineer","probability":{"type":1,"values":[1.99690847711829E-50,0.9999982306070377,1.769392962240212E-6,2.3784856523976996E-32]}}
{"label":1.0,"job_title":"software engineer","probability":{"type":1,"values":[6.626557685547371E-72,1.0,1.9111405624552786E-57,7.900470689693735E-54]}}
{"label":1.0,"job_title":"software engineer","probability":{"type":1,"values":[4.6428070768029745E-116,1.0,4.859621546075084E-107,3.7827984864507976E-81]}}
{"label":1.0,"job_title":"software engineer","probability":{"type":1,"values":[4.2000238343435115E-77,1.0,1.6904476172061365E-49,3.409792930144601E-76]}}
{"label":2.0,"job_title":"technical writer","probability":{"type":1,"values":[2.929993380266433E-11,1.1522561972855476E-9,0.9999999988184367,7.105329623686212E-15]}}
{"label":2.0,"job_title":"technical writer","probability":{"type":1,"values":[2.929993380266433E-11,1.1522561972855476E-9,0.9999999988184367,7.105329623686212E-15]}}
{"label":2.0,"job_title":"technical writer","probability":{"type":1,"values":[2.929993380266433E-11,1.1522561972855476E-9,0.9999999988184367,7.105329623686212E-15]}}
{"label":2.0,"job_title":"technical writer","probability":{"type":1,