{"label":0.0,"job_title":"data analyst","probability":{"type":1,"values":[0.9999999999999987,6.218476340190325E-26,1.3565411348866205E-15,4.647324361726747E-26]}}
{"label":0.0,"job_title":"data analyst","probability":{"type":1,"values":[1.0,6.075233141950787E-30,3.890249206123922E-71,1.92500641124094E-88]}}
{"label":0.0,"job_title":"data analyst","probability":{"type":1,"values":[0.9999999999999962,2.0040696596209988E-20,3.6856426566056514E-15,2.706351640418281E-23]}}
{"label":0.0,"job_title":"data analyst","probability":{"type":1,"values":[0.9999999999999096,9.046877690225202E-14,3.030555442609807E-26,1.0529573476601426E-24]}}
{"label":0.0,"job_title":"data analyst","probability":{"type":1,"values":[0.9999999789876712,2.1012327941580096E-8,2.0784206074873795E-20,7.981665181652858E-16]}}
{"label":0.0,"job_title":"data analyst","probability":{"type":1,"values":[0.9999999999982125,1.787356464912381E-12,4.430081373516956E-30,6.381442660622989E-33]}}
{"label":0.0,"job_title":"data analyst","probability":{"type":1,"values":[0.9999999999995226,3.6969157608184935E-24,4.77419052474704E-13,5.427338277404011E-32]}}
{"label":0.0,"job_title":"data analyst","probability":{"type":1,"values":[0.9999999999436486,5.6351410549496247E-11,4.669282172406749E-30,9.133276209595092E-28]}}
{"label":0.0,"job_title":"data analyst","probability":{"type":1,"values":[1.0,2.7410409418807394E-18,3.68887883284688E-77,3.636107299745915E-71]}}
{"label":0.0,"job_title":"data analyst","probability":{"type":1,"values":[0.9999058314527064,9.416854729354048E-5,2.1581183315639275E-32,1.960926435422703E-19]}}
{"label":0.0,"job_title":"data analyst","probability":{"type":1,"values":[0.998230615377657,0.0015790828605973853,1.8969472498920722E-4,6.070367563224493E-7]}}
{"label":0.0,"job_title":"data analyst","probability":{"type":1,"values":[6.052795123027868E-4,0.9993947204876973,8.3257567535767E-45,2.629077117745356E-37]}}
{"label":1.0,"job_title":"data scientist","probability":{"type":1,"values":[7.670197449209338E-7,0.9999990871134798,1.6491578122490737E-16,1.45866774957846E-7]}}
{"label":1.0,"job_title":"data scientist","probability":{"type":1,"values":[1.0109214129384268E-23,1.0,5.2045623986127703E-73,4.972157122596322E-74]}}
{"label":1.0,"job_title":"data scientist","probability":{"type":1,"values":[1.92243159410984E-17,1.0,3.551112308109404E-49,1.2320647337867132E-38]}}
{"label":1.0,"job_title":"data scientist","probability":{"type":1,"values":[0.016148873715192545,0.9834307869975387,2.9484167147044647E-4,1.2549761579818306E-4]}}
{"label":1.0,"job_title":"data scientist","probability":{"type":1,"values":[3.0743947015691613E-13,0.9999999999996925,2.3506932627912564E-41,3.0238063071569646E-17]}}
{"label":1.0,"job_title":"data scientist","probability":{"type":1,"values":[1.686997373426554E-5,0.9999831300262656,4.31945860955496E-28,1.0019784451664204E-20]}}
{"label":1.0,"job_title":"data scientist","probability":{"type":1,"values":[6.8024635092663675E-31,0.9999999999760685,1.7421231284439099E-62,2.3931474052490248E-11]}}
{"label":1.0,"job_title":"data scientist","probability":{"type":1,"values":[0.13089074550348,0.8691092544965201,4.3366732628850115E-44,6.659209322777937E-27]}}
{"label":1.0,"job_title":"data scientist","probability":{"type":1,"values":[6.778791844854351E-14,0.9999999999999323,6.5401039714066316E-52,2.0678004421656897E-18]}}
{"label":1.0,"job_title":"data scientist","probability":{"type":1,"values":[1.6188393272773397E-10,0.9999999998381162,3.037373636098655E-70,2.591958369551843E-46]}}
{"label":3.0,"job_title":"software engineer","probability":{"type":1,"values":[2.4206481023410707E-8,3.311979559610752E-13,1.3529587440055003E-13,0.9999999757930526]}}
{"label":3.0,"job_title":"software engineer","probability":{"type":1,"values":[0.5746558325713877,1.3767036117644398E-10,5.712776771185785E-7,0.4253435960132647]}}
{"label":3.0,"job_title":"software engineer","probability":{"type":1,"values":[4.047960278568716E-13,3.716867954908578E-15,4.407910769324538E-21,0.9999999999995914]}}
{"label":3.0,"job_title":"software engineer","probability":{"type":1,"values":[0.006674734639866094,3.1728382218798514E-4,5.057802915752128E-12,0.993007981532888]}}
{"label":3.0,"job_title":"software engineer","probability":{"type":1,"values":[3.2721847828767904E-10,4.9785432221583084E-11,1.5902450841458153E-4,0.9998409751145816]}}
{"label":3.0,"job_title":"software engineer","probability":{"type":1,"values":[1.4972702459656912E-11,4.742462083682214E-11,2.634172254913998E-31,0.9999999999376026]}}
{"label":3.0,"job_title":"software engineer","probability":{"type":1,"values":[3.295583355661836E-23,8.698105788296818E-19,3.1682596338305907E-12,0.9999999999968316]}}
{"label":3.0,"job_title":"software engineer","probability":{"type":1,"values":[3.613605580668968E-14,1.725444690050253E-16,1.021202238210005E-24,0.9999999999999636]}}
{"label":3.0,"job_title":"software engineer","probability":{"type":1,"values":[8.432553116650948E-60,1.267157502498237E-51,3.187816499180943E-66,1.0]}}
{"label":3.0,"job_title":"software engineer","probability":{"type":1,"values":[7.581596613166215E-12,2.0205207884548714E-12,4.788734005169585E-16,0.9999999999903975]}}
{"label":2.0,"job_title":"technical writer","probability":{"type":1,"values":[1.133553409024827E-25,6.031244861453938E-36,1.0,1.75768483998492E-30]}}
{"label":2.0,"job_title":"technical writer","probability":{"type":1,"values":[2.1953966931368187E-51,1.1815368488221121E-71,1.0,1.2395243125111946E-67]}}
{"label":2.0,"job_title":"technical writer","probability":{"type":1,"values":[7.724437337112487E-25,1.3639634741772906E-63,1.0,2.124662719424373E-71]}}
{"label":2.0,"job_title":"technical writer","probability":{"type":1,"values":[6.069683476241915E-45,7.17849263328405E-80,1.0,1.1852027894152187E-71]}}
{"label":2.0,"job_title":"technical writer","probability":{"type":1,"values":[6.501349860917234E-24,1.0617780424826448E-37,1.0,9.944131418926126E-41]}}
{"label":2.0,"job_title":"technical writer","probability":{"type":1,"values":[1.5451425564830056E-27,3.086359541493877E-38,1.0,1.3464864064888372E-38]}}
{"label":2.0,"job_title":"technical writer","probability":{"type":1,"values":[3.547566632796115E-39,3.1655763166840065E-48,1.0,3.1426715757059133E-48]}}
{"label":2.0,"job_title":"technical writer","probability":{"type":1,"values":[1.2245336650806662E-47,4.559618053384527E-50,5.722283148389686E-16,0.9999999999999993]}}
{"label":2.0,"job_title":"technical writer","probability":{"type":1,"values":[1.8919980894613366E-18,1.0146948953579737E-29,1.0,5.114537874566078E-24]}}
{"label":2.0,"job_title":"technical writer","probability":{"type":1,"values":[0.9814699380187535,1.6248910895203985E-7,0.018529897807430248,1.6847073933752822E-9]}}
